code,name,category
0,0,未分类
01,哲学,未分类
0101,哲学,未分类
010100,哲学,未分类
010101,马克思主义哲学,未分类
010102,中国哲学,未分类
010103,外国哲学,未分类
010104,逻辑学,未分类
010105,伦理学,未分类
010106,美学,未分类
010107,宗教学,未分类
010108,科学技术哲学,未分类
0101J1,国学,未分类
0101Z1,文化哲学,未分类
0151,应用伦理,未分类
015100,应用伦理,未分类
02,经济学,未分类
0201,理论经济学,未分类
020100,理论经济学,未分类
020101,政治经济学,未分类
020102,经济思想史,未分类
020103,经济史,未分类
020104,西方经济学,未分类
020105,世界经济,未分类
020106,人口、资源与环境经济学,未分类
0201J1,生态文明学,未分类
0201J7,乡村振兴学,未分类
0201Z1,实验经济学,未分类
0201Z2,马克思主义与中国经济社会发展,未分类
0201Z3,数字经济与法治,未分类
0201Z4,数字经济学,未分类
0201Z5,新国际政治经济学,未分类
0201Z6,数字经济学,未分类
0202,应用经济学,未分类
020200,应用经济学,未分类
020201,国民经济学,未分类
020202,区域经济学,未分类
020203,财政学,未分类
020204,金融学,未分类
020205,产业经济学,未分类
020206,国际贸易学,未分类
020207,劳动经济学,未分类
020208,统计学,未分类
020209,数量经济学,未分类
020210,国防经济,未分类
0202J1,资源环境与循环经济,未分类
0202J2,全球价值链,未分类
0202J5,金融工程,未分类
0202J6,健康经济学,未分类
0202Z1,金融工程,未分类
0202Z2,投资学,未分类
0202Z3,房地产经济学,未分类
0202Z4,保险学,未分类
0202Z5,精算学,未分类
0202Z6,保险学,未分类
0202Z7,自由贸易区理论与实务,未分类
0202Z8,金融数学与金融工程,未分类
0202Z9,税收学,未分类
0251,金融,未分类
025100,金融,未分类
0252,应用统计,未分类
025200,应用统计,未分类
0253,税务,未分类
025300,税务,未分类
0254,国际商务,未分类
025400,国际商务,未分类
0255,保险,未分类
025500,保险,未分类
0256,资产评估,未分类
025600,资产评估,未分类
0257,审计,未分类
025700,审计,未分类
0258,数字经济,未分类
025800,数字经济,未分类
0259,碳经济,未分类
0270,统计学,未分类
027000,统计学,未分类
0270Z1,经济统计学,未分类
03,法学,未分类
0301,法学,未分类
030100,法学,未分类
030101,法学理论,未分类
030102,法律史,未分类
030103,宪法学与行政法学,未分类
030104,刑法学,未分类
030105,民商法学,未分类
030106,诉讼法学,未分类
030107,经济法学,未分类
030108,环境与资源保护法学,未分类
030109,国际法学,未分类
030110,军事法学,未分类
0301J1,网络法学,未分类
0301J2,国家安全学,未分类
0301J3,劳动关系学,未分类
0301J4,传播法学,未分类
0301J5,法治文化,未分类
0301J6,国家安全法学,未分类
0301J7,法律与语言,未分类
0301J8,涉外法治,未分类
0301Z1,知识产权,未分类
0301Z2,证据法学,未分类
0301Z3,比较法学,未分类
0301Z4,知识产权法学,未分类
0301Z5,法与经济学,未分类
0301Z6,人权法学,未分类
0301Z7,传媒法制,未分类
0301Z8,社会法学,未分类
0301Z9,法律职业伦理,未分类
0302,政治学,未分类
030200,政治学,未分类
030201,政治学理论,未分类
030202,中外政治制度,未分类
030203,科学社会主义与国际共产主义运动,未分类
030204,中共党史,未分类
030206,国际政治,未分类
030207,国际关系,未分类
030208,外交学,未分类
0302J1,全球学,未分类
0302J2,国家监察学,未分类
0302J3,国际组织与全球治理,未分类
0302Z1,政治哲学与思想史,未分类
0302Z2,政治传播与政府公关,未分类
0302Z3,中国学,未分类
0302Z4,比较政治与区域国别,未分类
0302Z5,法治政府研究,未分类
0303,社会学,未分类
030300,社会学,未分类
030301,社会学,未分类
030302,人口学,未分类
030303,人类学,未分类
030304,民俗学,未分类
0303Z1,家政学,未分类
0303Z2,社会心理学,未分类
0304,民族学,未分类
030400,民族学,未分类
030401,民族学,未分类
030402,马克思主义民族理论与政策,未分类
030403,中国少数民族经济,未分类
030404,中国少数民族史,未分类
030405,中国少数民族艺术,未分类
0304J1,全球治理,未分类
0304J2,边疆安全,未分类
0304Z1,民族法学,未分类
0304Z2,民族旅游,未分类
0304Z3,铸牢中华民族共同体意识研究,未分类
0304Z4,世界民族与民族问题,未分类
0304Z5,政治民族学,未分类
0304z5,政治民族学,未分类
0305,马克思主义理论,未分类
030500,马克思主义理论,未分类
030501,马克思主义基本原理,未分类
030502,马克思主义发展史,未分类
030503,马克思主义中国化研究,未分类
030504,国外马克思主义研究,未分类
030505,思想政治教育,未分类
030506,中国近现代史基本问题研究,未分类
0305J1,生态设计与技术,未分类
0305J2,社会发展与公共政策,未分类
0305Z1,党的建设,未分类
0305Z2,党的历史与理论,未分类
0305Z3,党的建设,未分类
0306,公安学,未分类
030600,公安学,未分类
0306Z1,治安学,未分类
0306Z2,侦查学,未分类
0306Z3,犯罪学,未分类
0306Z4,公安管理学,未分类
0306Z6,公安党建与思政,未分类
030700,中共党史党建学,未分类
035101,法律（非法学）,未分类
035102,法律（法学）,未分类
0352,社会工作,未分类
035200,社会工作,未分类
0353,警务,未分类
035300,警务,未分类
0354,知识产权,未分类
0355,国际事务,未分类
035500,国际事务,未分类
0356,社会政策,未分类
0356S1,社会政策,未分类
04,教育学,未分类
0401,教育学,未分类
040100,教育学,未分类
040101,教育学原理,未分类
040102,课程与教学论,未分类
040103,教育史,未分类
040104,比较教育学,未分类
040105,学前教育学,未分类
040106,高等教育学,未分类
040107,成人教育学,未分类
040108,职业技术教育学,未分类
040109,特殊教育学,未分类
040110,教育技术学,未分类
040111,教育法学,未分类
0401J1,非洲学,未分类
0401J2,教育领导与管理,未分类
0401J3,教师教育,未分类
0401J4,女性教育学,未分类
0401J6,工程教育学,未分类
0401J7,科学传播与科学教育,未分类
0401Z1,教育心理学,未分类
0401Z2,初等教育学,未分类
0401Z3,民族教育,未分类
0401Z4,学习心理与发展,未分类
0401Z5,家庭教育学,未分类
0401Z6,小学教育学,未分类
0401Z7,工程教育学,未分类
0402,心理学,未分类
040200,心理学,未分类
040201,基础心理学,未分类
040202,发展与教育心理学,未分类
040203,应用心理学,未分类
0402J1,犯罪心理学,未分类
0402J2,危机心理与应急管理,未分类
0402Z1,航空航天心理学,未分类
0402Z2,临床认知神经科学,未分类
0403,体育学,未分类
040300,体育学,未分类
040301,体育人文社会学,未分类
040302,运动人体科学,未分类
040303,体育教育训练学,未分类
040304,民族传统体育学,未分类
0403Z1,体育工程学,未分类
0403Z2,中外体育人文交流,未分类
0403Z3,体育赛事运作,未分类
0403Z4,休闲体育学,未分类
0403Z5,运动康复学,未分类
0403Z6,体育口述史学,未分类
0403Z7,体育艺术学,未分类
0451,教育,未分类
045100,教育,未分类
045101,教育管理,未分类
045102,学科教学（思政）,未分类
045103,学科教学（语文）,未分类
045104,学科教学（数学）,未分类
045105,学科教学（物理）,未分类
045106,学科教学（化学）,未分类
045107,学科教学（生物）,未分类
045108,学科教学（英语）,未分类
045109,学科教学（历史）,未分类
045110,学科教学（地理）,未分类
045111,学科教学（音乐）,未分类
045112,学科教学（体育）,未分类
045113,学科教学（美术）,未分类
045114,现代教育技术,未分类
045115,小学教育,未分类
045116,心理健康教育,未分类
045117,科学与技术教育,未分类
045118,学前教育,未分类
045119,特殊教育,未分类
045120,职业技术教育,未分类
045174,汉语国际教育,未分类
0452,体育,未分类
045200,体育,未分类
045201,体育教学,未分类
045202,运动训练,未分类
045203,竞赛组织,未分类
045204,社会体育指导,未分类
0452Z1,运动康复,未分类
0453,汉语国际教育,未分类
045300,汉语国际教育,未分类
0454,应用心理,未分类
045400,应用心理,未分类
0455S1,高校管理,未分类
047101,教育经济与管理,未分类
05,文学,未分类
0501,中国语言文学,未分类
050100,中国语言文学,未分类
050101,文艺学,未分类
050102,语言学及应用语言学,未分类
050103,汉语言文字学,未分类
050104,中国古典文献学,未分类
050105,中国古代文学,未分类
050106,中国现当代文学,未分类
050107,中国少数民族语言文学,未分类
050108,比较文学与世界文学,未分类
0501J1,国学,未分类
0501J2,语文教育,未分类
0501J4,语言信息安全,未分类
0501J8,文化创意与文化产业,未分类
0501J9,中华文化传承传播,未分类
0501Z1,都市文化学,未分类
0501Z2,数字人文,未分类
0501Z3,写作学,未分类
0501Z4,民间文学与文化,未分类
0501Z5,文学与文化产业管理,未分类
0501Z6,语言资源学,未分类
0501Z7,语言认知科学,未分类
0501Z8,世界汉学与中国学,未分类
0501Z9,文献语言学,未分类
0502,外国语言文学,未分类
050200,外国语言文学,未分类
050201,英语语言文学,未分类
050202,俄语语言文学,未分类
050203,法语语言文学,未分类
050204,德语语言文学,未分类
050205,日语语言文学,未分类
050206,印度语言文学,未分类
050207,西班牙语语言文学,未分类
050208,阿拉伯语语言文学,未分类
050209,欧洲语言文学,未分类
050210,亚非语言文学,未分类
050211,外国语言学及应用语言学,未分类
0502J1,亚非地区研究,未分类
0502J2,区域国别研究,未分类
0502J3,语言政策与语言教育,未分类
0502Z1,翻译学,未分类
0502Z2,外语教育,未分类
0502Z3,国别与区域研究,未分类
0502Z4,国别和区域研究,未分类
0502Z5,全球传播,未分类
0502Z6,英语教育,未分类
0502Z7,国别和区域研究,未分类
0503,新闻传播学,未分类
050300,新闻传播学,未分类
050301,新闻学,未分类
050302,传播学,未分类
0503J2,新媒体,未分类
0503J4,互联网信息,未分类
0503J5,信息传播学,未分类
0503Z1,广播电视学,未分类
0503Z2,广告学,未分类
0503Z3,传媒经济学,未分类
0503Z4,编辑出版学,未分类
0503Z5,国际新闻学,未分类
052201,体育新闻,未分类
0551,翻译,未分类
055100,翻译,未分类
055101,英语笔译,未分类
055102,英语口译,未分类
055103,俄语笔译,未分类
055104,俄语口译,未分类
055105,日语笔译,未分类
055106,日语口译,未分类
055107,法语笔译,未分类
055108,法语口译,未分类
055109,德语笔译,未分类
055110,德语口译,未分类
055111,朝鲜语笔译,未分类
055112,朝鲜语口译,未分类
055113,西班牙语笔译,未分类
055114,西班牙语口译,未分类
055115,阿拉伯语笔译,未分类
055116,阿拉伯语口译,未分类
055117,泰语笔译,未分类
055118,泰语口译,未分类
055119,意大利语笔译,未分类
055120,意大利语口译,未分类
055121,越南语笔译,未分类
055122,越南语口译,未分类
0552,新闻与传播,未分类
055200,新闻与传播,未分类
055201,体育新闻,未分类
055220,新闻与传播,未分类
0553,出版,未分类
055300,出版,未分类
0554S1,创意写作,未分类
06,历史学,未分类
0601,考古学,未分类
060100,考古学,未分类
0602,中国史,未分类
060200,中国史,未分类
0602J1,国学,未分类
0602L2,历史文献学（含∶敦煌学、古文字学）,未分类
0602L3,专门史,未分类
0602L4,中国古代史,未分类
0602L5,中国近现代史,未分类
0602Z1,中国边疆学,未分类
0602Z2,华侨华人与国际移民,未分类
0603,世界史,未分类
060300,世界史,未分类
0603J1,非洲学,未分类
0603J9,国别区域研究,未分类
0651,文物与博物馆,未分类
065100,文物与博物馆,未分类
065101,考古学,未分类
065102,博物馆学,未分类
065103,文化遗产,未分类
065104,文物保护,未分类
07,理学,未分类
0701,数学,未分类
070100,数学,未分类
070101,基础数学,未分类
070102,计算数学,未分类
070103,概率论与数理统计,未分类
070104,应用数学,未分类
070105,运筹学与控制论,未分类
0701J1,数据科学,未分类
0701J2,大数据科学与技术,未分类
0701Z1,商务智能与大数据管理,未分类
0701Z2,数学技术,未分类
0702,物理学,未分类
070200,物理学,未分类
070201,理论物理,未分类
070202,粒子物理与原子核物理,未分类
070203,原子与分子物理,未分类
070204,等离子体物理,未分类
070205,凝聚态物理,未分类
070206,声学,未分类
070207,光学,未分类
070208,无线电物理,未分类
0702J1,材料与光电子,未分类
0702J2,空间等离子体物理与技术,未分类
0702J4,新能源科学与工程,未分类
0702Z1,多信使天体物理,未分类
0702Z2,能源与环境系统工程,未分类
0703,化学,未分类
070300,化学,未分类
070301,无机化学,未分类
070302,分析化学,未分类
070303,有机化学,未分类
070304,物理化学,未分类
070305,高分子化学与物理,未分类
0703J1,洁净能源科学,未分类
0703J2,本草生物学,未分类
0703Z1,精细合成化学与分子工程,未分类
0703Z2,化学生物学,未分类
0703Z3,应用化学I,未分类
0703Z4,能源化学,未分类
0704,天文学,未分类
070400,天文学,未分类
070401,天体物理,未分类
070402,天体测量与天体力学,未分类
0704Z1,天文技术与方法,未分类
0705,地理学,未分类
070500,地理学,未分类
070501,自然地理学,未分类
070502,人文地理学,未分类
070503,地图学与地理信息系统,未分类
0705J1,环境地理学,未分类
0705J2,旅游地理学,未分类
0705J3,东南亚学,未分类
0705J8,生态旅游,未分类
0705Z1,资源环境监测与规划,未分类
0705Z2,全球环境变化,未分类
0705Z3,自然灾害学,未分类
0705Z4,自然灾害学,未分类
0706,大气科学,未分类
070600,大气科学,未分类
070601,气象学,未分类
070602,大气物理学与大气环境,未分类
0706J3,遥感信息科学与技术,未分类
0706Z2,应用气象学,未分类
0706Z3,大气遥感与大气探测,未分类
0706Z5,集成与气象应用,未分类
0706Z6,空间天气学,未分类
0706Z7,海洋气象学,未分类
0706Z9,水文气象学,未分类
0707,海洋科学,未分类
070700,海洋科学,未分类
070701,物理海洋学,未分类
070702,海洋化学,未分类
070703,海洋生物学,未分类
070704,海洋地质,未分类
0707Z1,海洋生态学,未分类
0707Z2,海洋技术,未分类
0707Z5,海洋地球物理学,未分类
0708,地球物理学,未分类
070800,地球物理学,未分类
070801,固体地球物理学,未分类
070802,空间物理学,未分类
0708Z1,空间探测与信息处理技术,未分类
0708Z2,地球与空间探测技术,未分类
0709,地质学,未分类
070900,地质学,未分类
070901,矿物学、岩石学、矿床学,未分类
070902,地球化学,未分类
070903,古生物学与地层学,未分类
070904,构造地质学,未分类
070905,第四纪地质学,未分类
0709Z1,宝石学,未分类
0709Z3,土地工程学,未分类
0709Z4,水文地质学,未分类
0710,生物学,未分类
071000,生物学,未分类
071001,植物学,未分类
071002,动物学,未分类
071003,生理学,未分类
071004,水生生物学,未分类
071005,微生物学,未分类
071006,神经生物学,未分类
071007,遗传学,未分类
071008,发育生物学,未分类
071009,细胞生物学,未分类
071010,生物化学与分子生物学,未分类
071011,生物物理学,未分类
0710J1,纳米生物医学,未分类
0710J2,化学生物学,未分类
0710J3,合成生物学,未分类
0710J5,再生医学,未分类
0710J6,再生医学,未分类
0710J7,生物信息学,未分类
0710Z1,生物信息学,未分类
0710Z2,基因组学,未分类
0710Z3,免疫生物学,未分类
0710Z4,肿瘤生物学,未分类
0710Z5,化学生物学,未分类
0711,系统科学,未分类
071100,系统科学,未分类
071101,系统理论,未分类
071102,系统分析与集成,未分类
0711J4,海洋技术与装备,未分类
0711J6,碳中和科学与工程,未分类
0712,科学技术史,未分类
071200,科学技术史,未分类
0712Z1,中国地方农业科学技术史,未分类
0712Z2,少数民族科学技术史,未分类
0712Z3,农村科学技术发展,未分类
0713,生态学,未分类
071300,生态学,未分类
0713J3,菌草学,未分类
0713Z1,生命健康与环境,未分类
0713Z3,湿地生态学,未分类
0714,统计学,未分类
071400,统计学,未分类
071401,经济与物流统计,未分类
071402,概率论与数理统计,未分类
071403,大数据统计与分析,未分类
0714J1,数据科学,未分类
0714J2,大数据统计,未分类
0714Z1,经济统计,未分类
0714Z2,数理统计,未分类
0714Z3,数理统计学,未分类
0714Z4,应用统计,未分类
0714Z5,数理统计学,未分类
0714Z7,大数据统计方法与应用,未分类
0751,气象,未分类
077100,心理学,未分类
077101,基础心理学,未分类
077102,发展与教育心理学,未分类
077103,应用心理学,未分类
0771Z1,认知神经科学,未分类
0771Z2,认知神经科学,未分类
077200,力学,未分类
077203,流体力学,未分类
0773,材料科学与工程,未分类
077300,材料科学与工程,未分类
077301,材料物理与化学,未分类
077302,材料学,未分类
077400,电子科学与技术,未分类
077401,物理电子学,未分类
077402,电路与系统,未分类
077403,微电子学与固体电子学,未分类
077404,电磁场与微波技术,未分类
0775,计算机科学与技术,未分类
077500,计算机科学与技术,未分类
077501,计算机系统结构,未分类
077502,计算机软件与理论,未分类
077503,计算机应用技术,未分类
0775J1,能源与人工智能,未分类
0775Z1,计算科学,未分类
0776,环境科学与工程,未分类
077600,环境科学与工程,未分类
077601,环境科学,未分类
077602,环境工程,未分类
0776Z1,环境经济与环境管理,未分类
0777,生物医学工程,未分类
077700,生物医学工程,未分类
0778,基础医学,未分类
077800,基础医学,未分类
077801,人体解剖与组织胚胎学,未分类
077802,免疫学,未分类
077803,病原生物学,未分类
077804,病理学与病理生理学,未分类
077806,放射医学,未分类
077900,公共卫生与预防医学,未分类
077901,流行病与卫生统计学,未分类
077903,营养与食品卫生学,未分类
0779Z1,卫生检验学,未分类
0780,药学,未分类
078000,药学,未分类
078001,药物化学,未分类
078002,药剂学,未分类
078004,药物分析学,未分类
078005,微生物与生化药学,未分类
078006,药理学,未分类
0780Z1,药物设计学,未分类
078100,中药学,未分类
078300,护理学,未分类
078401,教育技术学,未分类
078601,农药学,未分类
079901,量子科学与技术,未分类
08,工学,未分类
0801,力学,未分类
080100,力学,未分类
080101,一般力学与力学基础,未分类
080102,固体力学,未分类
080103,流体力学,未分类
080104,工程力学,未分类
0801J1,生态力学,未分类
0801Z1,智能制造与机器人,未分类
0802,机械工程,未分类
080200,机械工程,未分类
080201,机械制造及其自动化,未分类
080202,机械电子工程,未分类
080203,机械设计及理论,未分类
080204,车辆工程,未分类
0802J1,低碳能源化学与工程,未分类
0802J2,航天仿生科学与技术,未分类
0802J4,数据科学与技术,未分类
0802J5,智能制造装备与系统,未分类
0802J6,职业安全健康,未分类
0802Z1,工业工程,未分类
0802Z2,汽车运用工程,未分类
0802Z4,交通装备检测及控制工程,未分类
0802Z5,汽车电子工程,未分类
0803,光学工程,未分类
080300,光学工程,未分类
0803Z1,光学测试科学与仪器,未分类
0803Z2,光电科学与工程,未分类
0803Z7,印刷光学工程,未分类
0804,仪器科学与技术,未分类
080400,仪器科学与技术,未分类
080401,精密仪器及机械,未分类
080402,测试计量技术及仪器,未分类
0804Z1,微系统与测控技术,未分类
0804Z2,电气测试技术与仪器,未分类
0805,材料科学与工程,未分类
080500,材料科学与工程,未分类
080501,材料物理与化学,未分类
080502,材料学,未分类
080503,材料加工工程,未分类
0805J1,微尺度科学与技术,未分类
0805J2,资源环境与循环经济,未分类
0805J4,新能源科学与工程,未分类
0805J5,纳米科学与工程,未分类
0805Z1,腐蚀科学与防护,未分类
0805Z2,新能源材料与器件,未分类
0805Z3,电子封装,未分类
0805Z4,先进材料与成形,未分类
0805Z5,先进材料与制备技术,未分类
0806,冶金工程,未分类
080600,冶金工程,未分类
080601,冶金物理化学,未分类
080602,钢铁冶金,未分类
080603,有色金属冶金,未分类
0806J1,资源循环科学与工程,未分类
0806J4,储能化学与物理,未分类
0806Z1,稀土工程,未分类
0806Z2,冶金能源工程,未分类
0807,动力工程及工程热物理,未分类
080700,动力工程及工程热物理,未分类
080701,工程热物理,未分类
080702,热能工程,未分类
080703,动力机械及工程,未分类
080704,流体机械及工程,未分类
080705,制冷及低温工程,未分类
080706,化工过程机械,未分类
0807J1,机电储能科学与工程,未分类
0807J2,氢能科学与工程,未分类
0807J3,深远海新能源与水下智能动力,未分类
0807J5,新能源科学与工程,未分类
0807Z1,新能源科学与工程,未分类
0807Z2,新能源科学与工程,未分类
0808,电气工程,未分类
080800,电气工程,未分类
080801,电机与电器,未分类
080802,电力系统及其自动化,未分类
080803,高电压与绝缘技术,未分类
080804,电力电子与电力传动,未分类
080805,电工理论与新技术,未分类
0808J1,智能电网与控制,未分类
0808J2,能源互联网,未分类
0808J3,储能科学与工程,未分类
0808Z1,轨道交通电气化与信息技术,未分类
0808Z2,电磁悬浮与超导工程,未分类
0809,电子科学与技术,未分类
080900,电子科学与技术,未分类
080901,物理电子学,未分类
080902,电路与系统,未分类
080903,微电子学与固体电子学,未分类
080904,电磁场与微波技术,未分类
0809Z1,信息光电技术,未分类
0809Z2,生物电子学,未分类
0810,信息与通信工程,未分类
081000,信息与通信工程,未分类
081001,通信与信息系统,未分类
081002,信号与信息处理,未分类
0810J1,数据科学,未分类
0810J2,人工智能,未分类
0810J3,数字媒体创意工程,未分类
0810J4,互联网信息,未分类
0810J5,信息传播学,未分类
0810J6,数字艺术,未分类
0810Z1,集成电路设计,未分类
0810Z2,物联用技术与应用,未分类
0811,控制科学与工程,未分类
081100,控制科学与工程,未分类
081101,控制理论与控制工程,未分类
081102,检测技术与自动化装置,未分类
081103,系统工程,未分类
081104,模式识别与智能系统,未分类
081105,导航、制导与控制,未分类
0811J1,微电子科学与工程,未分类
0811J2,水下智能技术,未分类
0811J3,集成电路科学与工程,未分类
0811J9,智能医学诊疗,未分类
0811Z1,人工智能,未分类
0811Z2,人工智能,未分类
0812,计算机科学与技术,未分类
081200,计算机科学与技术,未分类
081201,计算机系统结构,未分类
081202,计算机软件与理论,未分类
081203,计算机应用技术,未分类
0812J1,数据科学,未分类
0812J2,网络信息安全,未分类
0812J3,物联网工程,未分类
0812J4,数字媒体技术,未分类
0812J5,新药物与新材料,未分类
0812J9,智能医学诊疗,未分类
0812Z1,网络安全技术与工程,未分类
0812Z2,智能科学与技术,未分类
0812Z3,人工智能,未分类
0813,建筑学,未分类
081300,建筑学,未分类
081301,建筑历史与理论,未分类
081302,建筑设计及其理论,未分类
081304,建筑技术科学,未分类
0813J1,建筑遗产保护,未分类
0814,土木工程,未分类
081400,土木工程,未分类
081401,岩土工程,未分类
081402,结构工程,未分类
081403,市政工程,未分类
081404,供热、供燃气、通风及空调工程,未分类
081405,防灾减灾工程及防护工程,未分类
081406,桥梁与隧道工程,未分类
0814J1,交通能源与环境工程,未分类
0814J3,土木工程材料,未分类
0814J5,土木工程建造与管理,未分类
0814Z1,土木测绘与信息技术,未分类
0814Z2,道路与交通工程,未分类
0814Z3,道路交通工程与灾害防治,未分类
0815,水利工程,未分类
081500,水利工程,未分类
081501,水文学及水资源,未分类
081502,水力学及河流动力学,未分类
081503,水工结构工程,未分类
081504,水利水电工程,未分类
081505,港口、海岸及近海工程,未分类
0815Z1,工程安全与防护,未分类
0815Z2,水利信息技术,未分类
0815Z3,水灾害与水安全,未分类
0816,测绘科学与技术,未分类
081600,测绘科学与技术,未分类
081601,大地测量学与测量工程,未分类
081602,摄影测量与遥感,未分类
081603,地图制图学与地理信息工程,未分类
0816Z1,矿山与地下测量,未分类
0816Z2,国土空间生态监测与修复,未分类
0817,化学工程与技术,未分类
081700,化学工程与技术,未分类
081701,化学工程,未分类
081702,化学工艺,未分类
081703,生物化工,未分类
081704,应用化学,未分类
081705,工业催化,未分类
0817J1,碳储科学与工程,未分类
0817J3,储能科学与工程,未分类
0817J4,新能源科学与工程,未分类
0817J6,职业安全健康,未分类
0817J7,碳中和科学与工程,未分类
0817J9,智能医学诊疗,未分类
0817Z1,爆炸化学及应用,未分类
0817Z2,化工装备与控制工程,未分类
0817Z3,制药工程与技术,未分类
0818,地质资源与地质工程,未分类
081800,地质资源与地质工程,未分类
081801,矿产普查与勘探,未分类
081802,地球探测与信息技术,未分类
081803,地质工程,未分类
0818J1,碳储科学与工程,未分类
0818J3,碳储科学与工程,未分类
0818J7,碳中和科学与工程,未分类
0818Z1,地球信息科学,未分类
0818Z2,地下水科学与工程,未分类
0818Z3,地学信息工程,未分类
0818Z6,军事地质学,未分类
0819,矿业工程,未分类
081900,矿业工程,未分类
081901,采矿工程,未分类
081902,矿物加工工程,未分类
081903,安全技术及工程,未分类
0819J1,人工智能,未分类
0819J2,智能矿山工程,未分类
0819J3,应急技术与管理,未分类
0819J4,新能源科学与工程,未分类
0819Z1,资源开发规划与设计,未分类
0819Z2,洁净能源工程,未分类
0819Z3,矿物材料工程,未分类
082000,石油与天然气工程,未分类
082001,油气井工程,未分类
082002,油气田开发工程,未分类
082003,油气储运工程,未分类
0820J1,能源与人工智能,未分类
0820Z1,海洋油气工程,未分类
0820Z2,石油矿场机械,未分类
0820Z3,海洋油气工程,未分类
0821,纺织科学与工程,未分类
082100,纺织科学与工程,未分类
082101,纺织工程,未分类
082102,纺织材料与纺织品设计,未分类
082103,纺织化学与染整工程,未分类
082104,服装设计与工程,未分类
0821Z1,纤维复合材料,未分类
0821Z5,非织造材料与工程,未分类
0822,轻工技术与工程,未分类
082200,轻工技术与工程,未分类
082201,制浆造纸工程,未分类
082202,制糖工程,未分类
082203,发酵工程,未分类
0822Z1,印刷与包装工程,未分类
0822Z3,生物质化学与材料工程,未分类
0823,交通运输工程,未分类
082300,交通运输工程,未分类
082301,道路与铁道工程,未分类
082302,交通信息工程及控制,未分类
082303,交通运输规划与管理,未分类
082304,载运工具运用工程,未分类
0823J1,城市交通,未分类
0823Z1,物流工程,未分类
0823Z2,交通工程,未分类
0823Z3,物流工程与管理,未分类
0823Z4,综合交通运输科学与工程,未分类
0824,船舶与海洋工程,未分类
082400,船舶与海洋工程,未分类
082401,船舶与海洋结构物设计制造,未分类
082402,轮机工程,未分类
082403,水声工程,未分类
0824J1,海洋信息科学与工程,未分类
0824Z1,船舶与海洋工程材料,未分类
0824Z2,救助与打捞工程,未分类
0824Z3,绿色船舶与环境保护,未分类
0824Z4,船舶化学电源技术,未分类
0824Z5,舰船通信天线技术,未分类
0825,航空宇航科学与技术,未分类
082500,航空宇航科学与技术,未分类
082501,飞行器设计,未分类
082502,航空宇航推进理论与工程,未分类
082503,航空宇航制造工程,未分类
082504,人机与环境工程,未分类
0825J1,航空材料加工与检测技术,未分类
0825Z1,航空噪声与振动工程,未分类
0825Z2,宇航元器件工程,未分类
0826,兵器科学与技术,未分类
082600,兵器科学与技术,未分类
082601,武器系统与运用工程,未分类
082602,兵器发射理论与技术,未分类
082603,火炮、自动武器与弹药工程,未分类
082604,军事化学与烟火技术,未分类
0826Z1,智能武器技术与工程,未分类
0827,核科学与技术,未分类
082700,核科学与技术,未分类
082701,核能科学与工程,未分类
082702,核燃料循环与材料,未分类
082703,核技术及应用,未分类
082704,辐射防护及环境保护,未分类
0827Z5,脉冲功率技术及应用,未分类
0828,农业工程,未分类
082800,农业工程,未分类
082801,农业机械化工程,未分类
082802,农业水土工程,未分类
082803,农业生物环境与能源工程,未分类
082804,农业电气化与自动化,未分类
0828J1,植物表型组学,未分类
0828J2,智慧农业,未分类
0828Z1,现代农业装备工程,未分类
0828Z2,生物信息技术与工程,未分类
0828Z3,农业信息工程,未分类
0828Z4,智慧农业技术与装备,未分类
082900,林业工程,未分类
082901,森林工程,未分类
082902,木材科学与技术,未分类
082903,林产化学加工工程,未分类
0829J1,森林防火,未分类
0829J2,家居智能设计与工程,未分类
0829J7,林区建筑与结构工程,未分类
0829Z1,林业装备与信息化,未分类
0829Z2,生物质能源科学与技术,未分类
0829Z3,林业电气化与自动化,未分类
0829Z4,生物质能源与材料,未分类
0830,环境科学与工程,未分类
083000,环境科学与工程,未分类
083001,环境科学,未分类
083002,环境工程,未分类
0830J1,土地工程,未分类
0830J2,环境生态学,未分类
0830J5,再生资源科学与技术,未分类
0830J7,碳中和科学与工程,未分类
0830Z1,包装与环境工程,未分类
0830Z2,海岸带资源与环境,未分类
0830Z3,生物环境信息材料,未分类
0831,生物医学工程,未分类
083100,生物医学工程,未分类
0832,食品科学与工程,未分类
083200,食品科学与工程,未分类
083201,食品科学,未分类
083202,粮食、油脂及植物蛋白工程,未分类
083203,农产品加工及贮藏工程,未分类
083204,水产品加工及贮藏工程,未分类
0832J1,硒科学与工程,未分类
0832J4,食品合成生物学,未分类
0832J5,绿色食品加工与安全工程,未分类
0832Z1,食品生物技术,未分类
0832Z2,食品营养与安全,未分类
0832Z3,食品环境与安全,未分类
0832Z4,烹饪科学,未分类
0833,城乡规划学,未分类
083300,城乡规划学,未分类
0834,风景园林学,未分类
083400,风景园林学,未分类
0834J2,园林艺术设计,未分类
0834Z1,环境设计艺术,未分类
0834Z2,风景园林工程与技术,未分类
0834Z3,园林生态与恢复,未分类
0835,软件工程,未分类
083500,软件工程,未分类
0835J1,中医药人工智能,未分类
0835J4,人工智能与绿色制造,未分类
0835Z1,图像传播工程,未分类
0835Z2,软件工程技术,未分类
0835Z3,领域软件工程,未分类
0835Z4,数据科学与工程,未分类
0835Z5,网络与信息系统安全,未分类
0835Z6,人工智能与机器学习,未分类
0836,生物工程,未分类
083600,生物工程,未分类
0837,安全科学与工程,未分类
083700,安全科学与工程,未分类
0837J1,人工智能,未分类
0837J2,应急技术与管理,未分类
0837J5,生态环境安全,未分类
0837J6,职业安全健康,未分类
0837Z1,信息安全工程,未分类
0837Z3,消防技术及工程,未分类
083800,公安技术,未分类
0838Z1,刑事科学技术,未分类
0838Z2,安全防范工程,未分类
0838Z3,交通管理工程,未分类
0838Z4,网络空间安全执法技术,未分类
0839,网络空间安全,未分类
083900,网络空间安全,未分类
0839Z1,网络文化安全,未分类
0851,建筑学,未分类
085100,建筑学,未分类
0853,城市规划,未分类
085300,城市规划,未分类
0854,电子信息,未分类
085400,电子信息,未分类
085401,新一代电子信息技术（含量子技术等）,未分类
085402,通信工程（含宽带网络、移动通信等）,未分类
085403,集成电路工程,未分类
085404,计算机技术,未分类
085405,软件工程,未分类
085406,控制工程,未分类
085407,仪器仪表工程,未分类
085408,光电信息工程,未分类
085409,生物医学工程,未分类
085410,人工智能,未分类
085411,大数据技术与工程,未分类
085412,网络与信息安全,未分类
0855,机械,未分类
085500,机械,未分类
085501,机械工程,未分类
085502,车辆工程,未分类
085503,航空工程,未分类
085504,航天工程,未分类
085505,船舶工程,未分类
085506,兵器工程,未分类
085507,工业设计工程,未分类
085508,农机装备工程,未分类
085509,智能制造技术,未分类
085510,机器人工程,未分类
0856,材料与化工,未分类
085600,材料与化工,未分类
085601,材料工程,未分类
085602,化学工程,未分类
085603,冶金工程,未分类
085604,纺织工程,未分类
085605,林业工程,未分类
085606,轻化工程（含皮革、纸张、织物加工等）,未分类
0857,资源与环境,未分类
085700,资源与环境,未分类
085701,环境工程,未分类
085702,安全工程,未分类
085703,地质工程,未分类
085704,测绘工程,未分类
085705,矿业工程,未分类
085706,石油与天然气工程,未分类
0858,能源动力,未分类
085800,能源动力,未分类
085801,电气工程,未分类
085802,动力工程,未分类
085803,核能工程,未分类
085806,航天动力工程,未分类
085807,清洁能源技术,未分类
085808,储能技术,未分类
0859,土木水利,未分类
085900,土木水利,未分类
085901,土木工程,未分类
085902,水利工程,未分类
085903,海洋工程,未分类
085904,农田水土工程,未分类
085905,市政工程（含给排水等）,未分类
085906,人工环境工程（含供热、通风及空调等）,未分类
0860,生物与医药,未分类
086000,生物与医药,未分类
086001,生物技术与工程,未分类
086002,制药工程,未分类
086003,食品工程,未分类
086004,发酵工程,未分类
0861,交通运输,未分类
086100,交通运输,未分类
086101,轨道交通运输,未分类
086102,道路交通运输,未分类
086103,水路交通运输,未分类
086104,航空交通运输,未分类
086105,管道交通运输,未分类
0862,风景园林,未分类
086200,风景园林,未分类
0863S1,国土空间规划,未分类
087000,科学技术史,未分类
0871,管理科学与工程,未分类
087100,管理科学与工程,未分类
0871J2,流通工程与技术管理,未分类
0871J3,教育信息技术,未分类
0871J6,大数据管理与工程,未分类
0871Z1,物流工程,未分类
0871Z2,物流工程,未分类
0872,设计学,未分类
087200,设计学,未分类
0872J1,人居环境设计学,未分类
0872J6,数字艺术,未分类
087300,集成电路科学与工程,未分类
087500,遥感科学与技术,未分类
087600,智能科学与技术,未分类
089901,数据科学与工程,未分类
09,农学,未分类
0901,作物学,未分类
090100,作物学,未分类
090101,作物栽培学与耕作学,未分类
090102,作物遗传育种,未分类
0901J1,生物质能,未分类
0901J2,智慧农业,未分类
0901J3,智慧农业,未分类
0901J6,乡村学,未分类
0901Z1,农业信息学,未分类
0901Z2,药用植物学,未分类
0901Z3,种子科学与工程,未分类
0901Z4,作物信息学,未分类
0901Z5,作物基因组与种质资源,未分类
0901Z6,菌类作物学,未分类
0902,园艺学,未分类
090200,园艺学,未分类
090201,果树学,未分类
090202,蔬菜学,未分类
090203,茶学,未分类
0902J1,智慧园艺,未分类
0902Z1,设施园艺学,未分类
0902Z2,观赏园艺学,未分类
0902Z3,设施园艺学,未分类
0902Z4,观赏园艺学,未分类
0902Z5,智慧园艺,未分类
090300,农业资源与环境,未分类
090301,土壤学,未分类
090302,植物营养学,未分类
0903J1,土地利用工程,未分类
0903Z1,资源环境信息工程,未分类
0903Z2,资源环境生物学,未分类
0903Z3,农业生态与气候变化,未分类
0903Z4,资源环境微生物学,未分类
0903Z5,资源环境微生物,未分类
0904,植物保护,未分类
090400,植物保护,未分类
090401,植物病理学,未分类
090402,农业昆虫与害虫防治,未分类
090403,农药学,未分类
0904J1,菌物表型组学,未分类
0904J2,生物安全,未分类
0904Z1,植物检疫与生物入侵,未分类
0904Z2,应用真菌学,未分类
0904Z3,应用生物科学,未分类
0904Z4,生物防治学,未分类
0905,畜牧学,未分类
090500,畜牧学,未分类
090501,动物遗传育种与繁殖,未分类
090502,动物营养与饲料科学,未分类
090504,特种经济动物饲养,未分类
0905Z1,动物生产与畜牧工程,未分类
0905Z2,动物生物工程,未分类
0905Z3,动物生产,未分类
0906,兽医学,未分类
090600,兽医学,未分类
090601,基础兽医学,未分类
090602,预防兽医学,未分类
090603,临床兽医学,未分类
0906Z1,兽医公共卫生与食品安全,未分类
0906Z2,兽药学,未分类
0906Z3,兽医公共卫生学,未分类
0906Z4,实验动物学与比较医学,未分类
0907,林学,未分类
090700,林学,未分类
090701,林木遗传育种,未分类
090702,森林培育,未分类
090703,森林保护学,未分类
090704,森林经理学,未分类
090705,野生动植物保护与利用,未分类
090706,园林植物与观赏园艺,未分类
090707,水土保持与荒漠化防治,未分类
0907J1,智慧林业,未分类
0907J4,国土科学与工程,未分类
0907Z1,园林植物学,未分类
0907Z2,城市林业,未分类
0907Z3,森林资源化学,未分类
0907Z4,森林学,未分类
090800,水产,未分类
090801,水产养殖,未分类
090802,捕捞学,未分类
090803,渔业资源,未分类
0908J2,智慧渔业,未分类
0908Z1,水产动物医学,未分类
0909,草学,未分类
090900,草学,未分类
0951,农业,未分类
095100,农业,未分类
095131,农艺与种业,未分类
095132,资源利用与植物保护,未分类
095133,畜牧,未分类
095134,渔业发展,未分类
095135,食品加工与安全,未分类
095136,农业工程与信息技术,未分类
095137,农业管理,未分类
095138,农村发展,未分类
0952,兽医,未分类
095200,兽医,未分类
0953,风景园林,未分类
095300,风景园林,未分类
0954,林业,未分类
095400,林业,未分类
097000,科学技术史,未分类
097100,环境科学与工程,未分类
097101,环境科学,未分类
097200,食品科学与工程,未分类
097201,食品科学,未分类
097202,粮食、油脂及植物蛋白工程,未分类
097203,农产品加工及贮藏工程,未分类
097204,水产品加工及贮藏工程,未分类
0972Z1,烟草科学与工程,未分类
097300,风景园林学,未分类
10,医学（不含中医类照顾专业）,未分类
1001,基础医学,未分类
100100,基础医学,未分类
100101,人体解剖与组织胚胎学,未分类
100102,免疫学,未分类
100103,病原生物学,未分类
100104,病理学与病理生理学,未分类
100105,法医学,未分类
100106,放射医学,未分类
1001J1,人文医学,未分类
1001J2,智能医学,未分类
1001J4,生殖医学,未分类
1001J6,医学系统生物学,未分类
1001Z1,分子医学,未分类
1001Z2,医学生物化学与分子生物学,未分类
1001Z3,医学生理学,未分类
1001Z4,医学遗传学,未分类
1001Z5,医学神经生物学,未分类
1001Z6,肿瘤生物治疗学,未分类
1002,临床医学,未分类
100200,临床医学,未分类
100201,内科学,未分类
100202,儿科学,未分类
100203,老年医学,未分类
100204,神经病学,未分类
100205,精神病与精神卫生学,未分类
100206,皮肤病与性病学,未分类
100207,影像医学与核医学,未分类
100208,临床检验诊断学,未分类
100210,外科学,未分类
100211,妇产科学,未分类
100212,眼科学,未分类
100213,耳鼻咽喉科学,未分类
100214,肿瘤学,未分类
100215,康复医学与理疗学,未分类
100216,运动医学,未分类
100217,麻醉学,未分类
100218,急诊医学,未分类
1002J1,人文医学,未分类
1002J2,健康法学,未分类
1002Z1,生殖医学,未分类
1002Z2,变态反应学,未分类
1002Z3,重症医学,未分类
1002Z4,眼视光学,未分类
1002Z5,干细胞与再生医学,未分类
1002Z6,精准医学,未分类
1002Z7,输血医学,未分类
1002Z8,健康管理医学,未分类
1002Z9,输血医学,未分类
1003,口腔医学,未分类
100300,口腔医学,未分类
100301,口腔基础医学,未分类
100302,口腔临床医学,未分类
1004,公共卫生与预防医学,未分类
100400,公共卫生与预防医学,未分类
100401,流行病与卫生统计学,未分类
100402,劳动卫生与环境卫生学,未分类
100403,营养与食品卫生学,未分类
100404,儿少卫生与妇幼保健学,未分类
100405,卫生毒理学,未分类
100406,军事预防医学,未分类
1004J1,医学信息学,未分类
1004J5,人文医学,未分类
1004J7,医学实验技术,未分类
1004Z1,卫生政策与管理学,未分类
1004Z2,社区医学与健康教育学,未分类
1004Z3,卫生检验与检疫,未分类
1005,中医学,未分类
100500,中医学,未分类
100501,中医基础理论,未分类
100502,中医临床基础,未分类
100503,中医医史文献,未分类
100504,方剂学,未分类
100505,中医诊断学,未分类
100506,中医内科学,未分类
100507,中医外科学,未分类
100508,中医骨伤科学,未分类
100509,中医妇科学,未分类
100510,中医儿科学,未分类
100511,中医五官科学,未分类
100512,针灸推拿学,未分类
100513,民族医学（含：藏医学、蒙医学等）,未分类
1005J2,人文医学,未分类
1005J4,中医药养老服务与管理,未分类
1005Z1,中医体制学,未分类
1005Z2,中医临床药学,未分类
1005Z3,中医药管理学,未分类
1005Z4,医药卫生法学,未分类
1005Z5,中医药外语,未分类
1005Z6,中医文化学,未分类
1005Z7,中医养生康复学,未分类
1005Z8,中医文化学,未分类
1005Z9,健康管理学,未分类
1006,中西医结合,未分类
100600,中西医结合,未分类
100601,中西医结合基础,未分类
100602,中西医结合临床,未分类
1006Z1,中西医结合预防医学,未分类
1006Z2,中西医结合外科学,未分类
1006Z3,中医免疫学,未分类
1006Z7,中西医结合循证医学,未分类
1006Z8,中西医结合药理学,未分类
1006z1,中西医结合内科学,未分类
1007,药学,未分类
100700,药学,未分类
100701,药物化学,未分类
100702,药剂学,未分类
100703,生药学,未分类
100704,药物分析学,未分类
100705,微生物与生化药学,未分类
100706,药理学,未分类
1007J1,动物药学,未分类
1007J2,农业药学,未分类
1007Z1,天然药物化学,未分类
1007Z2,临床药学,未分类
1007Z3,药学教育学,未分类
1007Z4,海洋药物学,未分类
1007Z5,临床药学,未分类
1007Z6,药物代谢动力学,未分类
1007Z7,医药大数据与人工智能,未分类
1007Z8,药物经济学,未分类
1007Z9,天然药物化学,未分类
1008,中药学,未分类
100800,中药学,未分类
1008J2,民族药学,未分类
1008Z1,中药化学,未分类
1008Z2,中药生物技术学,未分类
1008Z3,中药药理学,未分类
1008Z4,中药制剂学,未分类
1008Z5,中药分析学,未分类
1008Z6,中药资源学,未分类
1008Z7,民族药学,未分类
1008Z8,中药炮制学,未分类
1009,特种医学,未分类
100900,特种医学,未分类
1010,医学技术,未分类
101000,医学技术,未分类
1010J2,生殖医学,未分类
1010Z1,医学检验技术,未分类
1010Z2,医学影像技术,未分类
1010Z3,康复治疗学,未分类
1010Z4,眼视光学,未分类
1011,护理学,未分类
101100,护理学,未分类
1051,临床医学,未分类
105100,临床医学,未分类
105101,内科学,未分类
105102,儿科学,未分类
105103,老年医学,未分类
105104,神经病学,未分类
105105,精神病与精神卫生学,未分类
105106,皮肤病与性病学,未分类
105107,急诊医学,未分类
105108,重症医学,未分类
105109,全科医学,未分类
105110,康复医学与理疗学,未分类
105111,外科学,未分类
105112,儿外科学,未分类
105113,骨科学,未分类
105114,运动医学,未分类
105115,妇产科学,未分类
105116,眼科学,未分类
105117,耳鼻咽喉科学,未分类
105118,麻醉学,未分类
105119,临床病理,未分类
105120,临床检验诊断学,未分类
105121,肿瘤学,未分类
105122,放射肿瘤学,未分类
105123,放射影像学,未分类
105124,超声医学,未分类
105125,核医学,未分类
105126,医学遗传学,未分类
1052,口腔医学,未分类
105200,口腔医学,未分类
1053,公共卫生,未分类
105300,公共卫生,未分类
1054,护理,未分类
105400,护理,未分类
1055,药学,未分类
105500,药学,未分类
1056,中药学,未分类
105600,中药学,未分类
1057,中医,未分类
105700,中医,未分类
105701,中医内科学,未分类
105702,中医外科学,未分类
105703,中医骨伤科学,未分类
105704,中医妇科学,未分类
105705,中医儿科学,未分类
105706,中医五官科学,未分类
105707,针灸推拿学,未分类
105708,民族医学（含：藏医学、蒙医学等）,未分类
105709,中西医结合临床,未分类
105710,全科医学（中医，不授博士学位）,未分类
1058,医学技术,未分类
105800,医学技术,未分类
1072,生物医学工程,未分类
107200,生物医学工程,未分类
1074,社会医学与卫生事业管理,未分类
107401,社会医学与卫生事业管理,未分类
11,33,未分类
110100,军事思想与军事历史,未分类
110200,战略学,未分类
110300,联合作战学,未分类
110400,战术学,未分类
110403,兵种战术学,未分类
110500,军队指挥学,未分类
110501,作战指挥学,未分类
110502,作战环境学,未分类
110504,军事信息学,未分类
110505,军事情报学,未分类
110506,军事密码学,未分类
110600,军队政治工作学,未分类
110700,军事后勤学,未分类
110800,军事装备学,未分类
110900,军事装备学,未分类
111000,军事训练学,未分类
111100,军事智能,未分类
1151,军事,未分类
115100,军事,未分类
115101,军事指挥,未分类
115103,军事后勤,未分类
115104,军事装备,未分类
115200,联合作战指挥,未分类
115300,军兵种作战指挥,未分类
115400,作战指挥保障,未分类
115500,战时政治工作,未分类
115600,后勤与装备保障,未分类
115700,军事训练与管理,未分类
117000,国家安全学,未分类
12,管理学,未分类
1201,管理科学与工程,未分类
120100,管理科学与工程,未分类
1201J1,应急管理,未分类
1201J2,应急技术与管理,未分类
1201J3,质量工程与管理,未分类
1201J4,医院管理,未分类
1201Z1,电子商务,未分类
1201Z2,复杂装备研制管理,未分类
1201Z3,信息管理,未分类
1201Z4,金融信息工程,未分类
1201Z5,信息管理与商务智能,未分类
1201Z8,人工智能系统与应用,未分类
1202,工商管理学,未分类
120200,工商管理,未分类
120201,会计学,未分类
120202,企业管理,未分类
120203,旅游管理,未分类
120204,技术经济及管理,未分类
1202J1,文化产业管理,未分类
1202J3,国际商务,未分类
1202J5,低碳经济与管理,未分类
1202Z1,人力资源管理,未分类
1202Z2,市场营销学,未分类
1202Z3,体育经营管理,未分类
1202Z4,创业管理,未分类
1202Z5,商务分析,未分类
1202Z6,人力资源管理,未分类
1202Z7,跨国供应链管理,未分类
1203,农林经济管理,未分类
120300,农林经济管理,未分类
120301,农业经济管理,未分类
120302,林业经济管理,未分类
1203J1,生态文明建设,未分类
1203J2,区域发展,未分类
1203Z1,农村财务管理,未分类
1203Z2,农村与区域发展,未分类
1203Z3,农村与区域发展,未分类
1203Z4,教育管理与区域发展,未分类
1203Z5,资源经济与土地管理,未分类
1204,公共管理学,未分类
120400,公共管理,未分类
120401,行政管理,未分类
120402,社会医学与卫生事业管理,未分类
120403,教育经济与管理,未分类
120404,社会保障,未分类
120405,土地资源管理,未分类
1204J1,文化产业管理,未分类
1204J2,宏观质量管理,未分类
1204J3,康养技术与管理,未分类
1204Z1,公共政策,未分类
1204Z2,组织人事管理,未分类
1204Z3,职业发展教育,未分类
1204Z4,卫生信息管理,未分类
1204Z5,应急管理,未分类
1204Z6,公共政策,未分类
1205,图书情报与档案管理,未分类
120500,信息资源管理,未分类
120501,图书馆学,未分类
120502,情报学,未分类
120503,档案学,未分类
1205J7,数据科学,未分类
1205Z1,出版发行学,未分类
1205Z2,信息资源管理,未分类
1205Z3,保密管理,未分类
1251,工商管理,未分类
125100,工商管理,未分类
1252,公共管理,未分类
125200,公共管理,未分类
1253,会计,未分类
125300,会计,未分类
1254,旅游管理,未分类
125400,旅游管理,未分类
1255,图书情报,未分类
125500,图书情报,未分类
1256,工程管理,未分类
125600,工程管理,未分类
125601,工程管理,未分类
125602,项目管理,未分类
125603,工业工程与管理,未分类
125604,物流工程与管理,未分类
1257,审计,未分类
125700,审计,未分类
1258,人力资源开发与管理,未分类
1258S1,医疗管理,未分类
13,艺术学,未分类
1301,艺术学,未分类
130100,艺术学,未分类
1301J1,文化产业,未分类
1301J3,艺术与科学,未分类
1301L1,艺术学,未分类
1302,音乐与舞蹈学,未分类
130200,音乐与舞蹈学,未分类
1302L1,音乐学,未分类
1302Z1,敦煌舞,未分类
1303,戏剧与影视学,未分类
130300,戏剧与影视学,未分类
1303J6,数字艺术,未分类
1303L1,戏剧戏曲学,未分类
1303L2,广播电视艺术学,未分类
1303Z1,播音主持艺术学,未分类
1304,美术学,未分类
130400,美术学,未分类
1304J1,艺术经济学,未分类
1304Z1,美术史论,未分类
1305,设计学,未分类
130500,设计学,未分类
1305J1,景观规划设计,未分类
1305J3,设计管理,未分类
1305J5,家具设计与工程,未分类
1305J6,数字艺术,未分类
1305L1,设计艺术学,未分类
1305Z1,动画艺术学,未分类
1305ZI,动画艺术学,未分类
1351,艺术,未分类
135100,艺术,未分类
135101,音乐,未分类
135102,戏剧,未分类
135103,戏曲,未分类
135104,电影,未分类
135105,广播电视,未分类
135106,舞蹈,未分类
135107,美术,未分类
135108,艺术设计,未分类
1352,音乐,未分类
135200,音乐,未分类
1353,舞蹈,未分类
135300,舞蹈,未分类
1354,戏剧与影视,未分类
135400,戏剧与影视,未分类
135500,戏曲与曲艺,未分类
1356,美术与书法,未分类
135600,美术与书法,未分类
1357,设计,未分类
135700,设计,未分类
1358S1,数字文创与管理,未分类
1370,设计学,未分类
137000,设计学,未分类
14,交叉学科,未分类
1401,集成电路科学与工程,未分类
140100,集成电路科学与工程,未分类
1402,国家安全学,未分类
140200,国家安全学,未分类
1403,设计学,未分类
140300,设计学,未分类
1403J1,智能数字表演,未分类
1403J3,设计管理,未分类
1403J5,家具设计与工程,未分类
1403J6,木结构建筑,未分类
1403Z1,动画艺术学,未分类
1404,遥感科学与技术,未分类
1405,智能科学与技术,未分类
140500,智能科学与技术,未分类
1451,文物,未分类
145100,文物,未分类
1453S1,大数据,未分类
16,73,未分类
17,28,未分类
6,53,未分类
9,27,未分类
